LE = Leading Edge,Total displacements,,,,,,,,,,,
TE = Trainling Edge,Neutral,,,,Rotation up,,,,Rotaion down,,,
x [mm],LE_z [mm],LE_y [mm],TE_z [mm],TE_y [mm],LE_z [mm],LE_y [mm],TE_z [mm],TE_y [mm],LE_z [mm],LE_y [mm],TE_z [mm],TE_y [mm]
0,0,11.8104183,0,11.72067923,-5.169255866,10.61513365,-5.169255866,10.53447671,5.169255866,10.61513365,5.169255866,10.53447671
153,0,11.04878825,0,10.95743559,-4.835233749,9.932452996,-4.835233749,9.841263644,4.835233749,9.932452996,4.835233749,9.841263644
1141,0,0.265240971,0,0.265240971,-0.116273989,0.238397006,-0.116273989,0.238397006,0.116273989,0.238397006,0.116273989,0.238397006
1421,0,1.008944689,0,-2.844999618,-0.094826018,0.908701376,-0.094826018,-2.56428295,0.094826018,0.908701376,0.094826018,-2.56428295
2681,0,17.28590284,0,13.07569082,-7.19805423,15.53833445,-7.19805423,11.74513883,7.19805423,15.53833445,7.19805423,11.74513883
2771,0,18.8844025,0,14.64036775,-7.895740951,16.97505643,-7.895740951,13.15146114,7.895740951,16.97505643,7.895740951,13.15146114
